[{"__type__":"cc.SpriteFrame","content":{"name":"eff-06","texture":"6eSZXHnjZKbqGSQxPYgdPl","rect":[2,100,90,93],"offset":[0,0],"originalSize":[97,94]}},[{"__type__":"cc.Prefab","_name":"Bee","data":{"__id__":1},"asyncLoadAssets":null},{"__type__":"cc.Node","_name":"Bee","_children":[{"__id__":2},{"__id__":4}],"_components":[{"__type__":"12750rFBL1K5awrrvAunu3E","node":{"__id__":1},"bulletNodePoint":{"__id__":4},"Clip":{"__id__":3}},{"__type__":"cc.BoxCollider","node":{"__id__":1},"_size":{"__type__":"cc.Size","width":33,"height":24}}],"_prefab":{"__type__":"cc.PrefabInfo","root":{"__id__":1},"asset":{"__id__":0},"fileId":"5eXfbF+XVBvYPgGeybwqiF"},"_position":{"__type__":"cc.Vec2","x":300,"y":595}},{"__type__":"cc.Node","_name":"clip","_parent":{"__id__":1},"_components":[{"__id__":3},{"__type__":"cc.Sprite","node":{"__id__":2},"_spriteFrame":{"__uuid__":"6c9nNfRwlM96POrAslGmuk"}}],"_prefab":{"__type__":"cc.PrefabInfo","root":{"__id__":1},"asset":{"__id__":0},"fileId":"41ZbK7HXhAt6hdc8MEiSLy"},"_contentSize":{"__type__":"cc.Size","width":33,"height":24}},{"__type__":"cc.Animation","node":{"__id__":2},"_clips":[{"__uuid__":"f0wle0NhpPx7eJde5Qng8/"},{"__uuid__":"a2EjtQpERJs7kLGtYqjiWc"},{"__uuid__":"aaVhvorTRLiZ0nu0c7c9XM"},{"__uuid__":"2fUI/ThZ1CMbHh6NHZW+/D"},{"__uuid__":"e6UkrIHfRINYV7elj3VUEs"}]},{"__type__":"cc.Node","_name":"point","_parent":{"__id__":1},"_prefab":{"__type__":"cc.PrefabInfo","root":{"__id__":1},"asset":{"__id__":0},"fileId":"2ftS/10P5Ay5GwceIWicEi"},"_position":{"__type__":"cc.Vec2","y":-20}}],{"__type__":"cc.SpriteFrame","content":{"name":"a03","texture":"6eSZXHnjZKbqGSQxPYgdPl","rect":[255,2,33,22],"offset":[0,0],"originalSize":[33,24]}},{"__type__":"cc.SpriteFrame","content":{"name":"blink","texture":"6eSZXHnjZKbqGSQxPYgdPl","rect":[76,285,2,2],"offset":[0,0],"originalSize":[2,2]}},{"__type__":"cc.SpriteFrame","content":{"name":"c03","texture":"6eSZXHnjZKbqGSQxPYgdPl","rect":[292,2,33,22],"offset":[0,0],"originalSize":[33,24]}},{"__type__":"cc.SpriteFrame","content":{"name":"z-02","texture":"6eSZXHnjZKbqGSQxPYgdPl","rect":[39,337,3,12],"offset":[0,0],"originalSize":[3,12]}},{"__type__":"cc.SpriteFrame","content":{"name":"default_btn_disabled","texture":"71VhFCTINJM6/Ky3oX9nBT","rect":[0,0,40,40],"offset":[0,0],"originalSize":[40,40],"capInsets":[15,7,15,9]}},{"__type__":"cc.AnimationClip","_name":"B4","_duration":0.016666666666666666,"curveData":{"comps":{"cc.Sprite":{"spriteFrame":[{"frame":0,"value":{"__uuid__":"bcfCVBGHxJF7rAsF8KSpYs"}}]}}}},{"__type__":"cc.SpriteFrame","content":{"name":"z-01","texture":"6eSZXHnjZKbqGSQxPYgdPl","rect":[2,374,3,12],"offset":[0,0],"originalSize":[3,12]}},[{"__type__":"cc.Prefab","_name":"TN","data":{"__id__":1},"asyncLoadAssets":null},{"__type__":"cc.Node","_name":"TN","_children":[{"__id__":2},{"__id__":3}],"_components":[{"__type__":"cc.Widget","node":{"__id__":1},"_alignFlags":1,"_top":30}],"_prefab":{"__type__":"cc.PrefabInfo","root":{"__id__":1},"asset":{"__id__":0},"fileId":"d8G0iqVEJPcZQmfOXN1FYQ"},"_position":{"__type__":"cc.Vec2","y":538}},{"__type__":"cc.Node","_name":"title","_parent":{"__id__":1},"_components":[{"__type__":"cc.Label","node":{"__id__":2},"_useOriginalSize":false,"_actualFontSize":24,"_fontSize":24,"_N$string":"分数:","_N$horizontalAlign":1,"_N$verticalAlign":1}],"_prefab":{"__type__":"cc.PrefabInfo","root":{"__id__":1},"asset":{"__id__":0},"fileId":"16lFXi0b5EhIqYG4deIE6z"},"_anchorPoint":{"__type__":"cc.Vec2","y":0.5},"_contentSize":{"__type__":"cc.Size","width":55,"height":40}},{"__type__":"cc.Node","_name":"number","_parent":{"__id__":1},"_components":[{"__type__":"cc.Label","node":{"__id__":3},"_useOriginalSize":false,"_actualFontSize":24,"_fontSize":24,"_N$string":"0","_N$horizontalAlign":1,"_N$verticalAlign":1}],"_prefab":{"__type__":"cc.PrefabInfo","root":{"__id__":1},"asset":{"__id__":0},"fileId":"95hXsY3gxH96KfT6NSiI8v"},"_anchorPoint":{"__type__":"cc.Vec2","y":0.5},"_contentSize":{"__type__":"cc.Size","width":13,"height":40},"_position":{"__type__":"cc.Vec2","x":60}}],{"__type__":"cc.SpriteFrame","content":{"name":"eff-03","texture":"6eSZXHnjZKbqGSQxPYgdPl","rect":[93,197,39,45],"offset":[0,0],"originalSize":[48,48]}},{"__type__":"cc.SpriteFrame","content":{"name":"eff-02","texture":"6eSZXHnjZKbqGSQxPYgdPl","rect":[45,285,27,27],"offset":[0,0],"originalSize":[48,48]}},{"__type__":"cc.SpriteFrame","content":{"name":"b02","texture":"6eSZXHnjZKbqGSQxPYgdPl","rect":[96,152,33,24],"offset":[0,0],"originalSize":[33,24]}},{"__type__":"cc.SpriteFrame","content":{"name":"eff-01","texture":"6eSZXHnjZKbqGSQxPYgdPl","rect":[203,2,48,36],"offset":[0,0],"originalSize":[48,48]}},{"__type__":"cc.SpriteFrame","content":{"name":"a01","texture":"6eSZXHnjZKbqGSQxPYgdPl","rect":[148,99,33,24],"offset":[0,0],"originalSize":[33,24]}},{"__type__":"cc.SpriteFrame","content":{"name":"eff-08","texture":"6eSZXHnjZKbqGSQxPYgdPl","rect":[2,2,97,94],"offset":[0,0],"originalSize":[97,94]}},{"__type__":"cc.AnimationClip","_name":"Plane_Idle","_duration":0.016666666666666666,"wrapMode":"2","curveData":{"comps":{"cc.Sprite":{"spriteFrame":[{"frame":0,"value":{"__uuid__":"963ppDmrhElJztIrPwtl7B"}}]}}}},{"__type__":"cc.SpriteFrame","content":{"name":"a02","texture":"6eSZXHnjZKbqGSQxPYgdPl","rect":[203,42,33,24],"offset":[0,0],"originalSize":[33,24]}},[{"__type__":"cc.Prefab","_name":"ET","data":{"__id__":1},"asyncLoadAssets":null},{"__type__":"cc.Node","_name":"ET","_children":[{"__id__":2}],"_components":[{"__type__":"cc.Sprite","node":{"__id__":1},"_spriteFrame":{"__uuid__":"6c9nNfRwlM96POrAslGmuk"}},{"__type__":"cc.Widget","node":{"__id__":1},"_alignFlags":33,"_right":80,"_top":30}],"_prefab":{"__type__":"cc.PrefabInfo","root":{"__id__":1},"asset":{"__id__":0},"fileId":"69+oUVFBFOW55EoCvBYqZc"},"_contentSize":{"__type__":"cc.Size","width":33,"height":24},"_position":{"__type__":"cc.Vec2","x":223.5,"y":526}},{"__type__":"cc.Node","_name":"New Label","_parent":{"__id__":1},"_components":[{"__type__":"cc.Label","node":{"__id__":2},"_useOriginalSize":false,"_actualFontSize":24,"_fontSize":24,"_N$string":"x 24","_N$horizontalAlign":1,"_N$verticalAlign":1}],"_prefab":{"__type__":"cc.PrefabInfo","root":{"__id__":1},"asset":{"__id__":0},"fileId":"f5EdVF9kBMxo+z8ZZKcxVa"},"_anchorPoint":{"__type__":"cc.Vec2","y":0.5},"_contentSize":{"__type__":"cc.Size","width":45,"height":40},"_position":{"__type__":"cc.Vec2","x":26}}],{"__type__":"cc.SpriteFrame","content":{"name":"eff-05","texture":"6eSZXHnjZKbqGSQxPYgdPl","rect":[2,197,87,84],"offset":[0,0],"originalSize":[97,94]}},{"__type__":"cc.SpriteFrame","content":{"name":"x01","texture":"6eSZXHnjZKbqGSQxPYgdPl","rect":[2,285,39,48],"offset":[0,0],"originalSize":[39,48]}},{"__type__":"cc.AnimationClip","_name":"B2","_duration":0.6666666666666666,"sample":15,"wrapMode":"2","curveData":{"comps":{"cc.Sprite":{"spriteFrame":[{"frame":0,"value":{"__uuid__":"ec2/B4ZYtNb6O7X3P3tkDr"}},{"frame":0.2,"value":{"__uuid__":"60K22QVCFCWJCsBXBiUeSH"}},{"frame":0.4,"value":{"__uuid__":"f5jDHNXFNP4o7aZPiO/8gm"}},{"frame":0.6,"value":{"__uuid__":"ec2/B4ZYtNb6O7X3P3tkDr"}}]}}}},{"__type__":"cc.SpriteFrame","content":{"name":"default_sprite_splash","texture":"02delMVqdBD70a/HSD99FK","rect":[0,0,2,2],"offset":[0,0],"originalSize":[2,2]}},{"__type__":"cc.AnimationClip","_name":"B3","_duration":0.6666666666666666,"sample":15,"wrapMode":"2","curveData":{"comps":{"cc.Sprite":{"spriteFrame":[{"frame":0,"value":{"__uuid__":"fbPgd9LeRI5pNkR6LBTfVz"}},{"frame":0.2,"value":{"__uuid__":"b2hbqnJDdHrps08Ptf8pNB"}},{"frame":0.4,"value":{"__uuid__":"1crTvsH5tPNYJosSa0+OI0"}},{"frame":0.6,"value":{"__uuid__":"fbPgd9LeRI5pNkR6LBTfVz"}}]}}}},{"__type__":"cc.SpriteFrame","content":{"name":"eff-07","texture":"6eSZXHnjZKbqGSQxPYgdPl","rect":[103,2,96,93],"offset":[0,0],"originalSize":[97,94]}},{"__type__":"cc.SpriteFrame","content":{"name":"c02","texture":"6eSZXHnjZKbqGSQxPYgdPl","rect":[240,42,33,24],"offset":[0,0],"originalSize":[33,24]}},{"__type__":"cc.SpriteFrame","content":{"name":"d01","texture":"6eSZXHnjZKbqGSQxPYgdPl","rect":[2,337,33,33],"offset":[0,0],"originalSize":[33,33]}},{"__type__":"cc.AnimationClip","_name":"Boom","_duration":1,"sample":8,"wrapMode":"2","curveData":{"comps":{"cc.Sprite":{"spriteFrame":[{"frame":0,"value":{"__uuid__":"6bqtfBWc5FEZu5IXbZJDRf"}},{"frame":0.125,"value":{"__uuid__":"5bgZXM6l5EVYSzXtCzUYrs"}},{"frame":0.25,"value":{"__uuid__":"56or9c6eZFWJjlmosvlk1F"}},{"frame":0.375,"value":{"__uuid__":"e7Bs+MCaNPv6cR6fjNUYOg"}},{"frame":0.5,"value":{"__uuid__":"95IYs2HqZOB7MyqAFk6rwN"}},{"frame":0.625,"value":{"__uuid__":"08TExI+G9K15VtGE0/dfIy"}},{"frame":0.75,"value":{"__uuid__":"aabIHo3udGkZvqDcLYDLbx"}},{"frame":0.875,"value":{"__uuid__":"75yElTAI5JVa7B9AC9rVFA"}}]}}}},{"__type__":"cc.SpriteFrame","content":{"name":"eff-04","texture":"6eSZXHnjZKbqGSQxPYgdPl","rect":[96,100,48,48],"offset":[0,0],"originalSize":[48,48]}},{"__type__":"cc.SpriteFrame","content":{"name":"default_btn_pressed","texture":"b4P/PCArtIdIH38t6mlw8Y","rect":[0,0,40,40],"offset":[0,0],"originalSize":[40,40],"capInsets":[11,11,11,7]}},{"__type__":"cc.SpriteAtlas","_name":"Bee.plist","_spriteFrames":{"eff-07":{"__uuid__":"aabIHo3udGkZvqDcLYDLbx"},"eff-05":{"__uuid__":"95IYs2HqZOB7MyqAFk6rwN"},"eff-08":{"__uuid__":"75yElTAI5JVa7B9AC9rVFA"},"eff-06":{"__uuid__":"08TExI+G9K15VtGE0/dfIy"},"a01":{"__uuid__":"6c9nNfRwlM96POrAslGmuk"},"b02":{"__uuid__":"60K22QVCFCWJCsBXBiUeSH"},"z-02":{"__uuid__":"22bmJKwwFEQJ+86JS8yvFN"},"b01":{"__uuid__":"ec2/B4ZYtNb6O7X3P3tkDr"},"z-01":{"__uuid__":"3b9nyQzplPgKV6EswblQSk"},"blink":{"__uuid__":"15e5TMHYNEkZu97qwFyyut"},"b03":{"__uuid__":"f5jDHNXFNP4o7aZPiO/8gm"},"c03":{"__uuid__":"1crTvsH5tPNYJosSa0+OI0"},"x01":{"__uuid__":"963ppDmrhElJztIrPwtl7B"},"c01":{"__uuid__":"fbPgd9LeRI5pNkR6LBTfVz"},"a02":{"__uuid__":"89wq/PkAJPfqMrTBBAmVAN"},"a03":{"__uuid__":"0de5dhteZIz5GuLmO6ZY5b"},"eff-01":{"__uuid__":"6bqtfBWc5FEZu5IXbZJDRf"},"c02":{"__uuid__":"b2hbqnJDdHrps08Ptf8pNB"},"d01":{"__uuid__":"bcfCVBGHxJF7rAsF8KSpYs"},"eff-02":{"__uuid__":"5bgZXM6l5EVYSzXtCzUYrs"},"eff-04":{"__uuid__":"e7Bs+MCaNPv6cR6fjNUYOg"},"eff-03":{"__uuid__":"56or9c6eZFWJjlmosvlk1F"}}},{"__type__":"cc.SpriteFrame","content":{"name":"b01","texture":"6eSZXHnjZKbqGSQxPYgdPl","rect":[93,246,33,24],"offset":[0,0],"originalSize":[33,24]}},[{"__type__":"cc.SceneAsset","_name":"GameScene","scene":{"__id__":1},"asyncLoadAssets":null},{"__type__":"cc.Scene","_name":"New Node","_children":[{"__id__":2}],"_anchorPoint":{"__type__":"cc.Vec2"},"autoReleaseAssets":false},{"__type__":"cc.Node","_name":"Canvas","_parent":{"__id__":1},"_children":[{"__id__":3},{"__id__":5},{"__id__":6},{"__id__":7},{"__id__":11},{"__id__":15},{"__id__":19},{"__id__":22},{"__id__":25},{"__id__":28},{"__id__":31},{"__id__":33},{"__id__":35},{"__id__":37},{"__id__":45}],"_components":[{"__type__":"cc.Canvas","node":{"__id__":2},"_designResolution":{"__type__":"cc.Size","width":1136,"height":640}},{"__type__":"b8e6eN8ZA1BLbMqmqMiXJ4a","node":{"__id__":2},"mPlayer":{"__id__":3},"speed":{"__type__":"cc.Vec2","x":10},"touchLayer":{"__id__":5},"overLayer":{"__id__":37},"winLayer":{"__id__":45},"beeTexts":[{"__id__":21},{"__id__":24},{"__id__":27},{"__id__":30}],"txtScore":{"__id__":10},"txtLevel":{"__id__":14},"txtLife":{"__id__":18},"startNode":{"__id__":6},"btnLeft":{"__id__":31},"btnRight":{"__id__":33},"btnFire":{"__id__":35},"pfBullet":{"__uuid__":"faX1wR6ptFF6ihl2LrrNc3"},"pfEnemy":{"__uuid__":"0brL962EtMw4tXltFp0srR"}}],"_id":"fedqFpFDJJFLK+W6dw7A+j","_contentSize":{"__type__":"cc.Size","width":1136,"height":640},"_position":{"__type__":"cc.Vec2","x":568,"y":320}},{"__type__":"cc.Node","_name":"Player","_parent":{"__id__":2},"_children":[{"__id__":4}],"_components":[{"__type__":"cc.Sprite","node":{"__id__":3},"_spriteFrame":{"__uuid__":"963ppDmrhElJztIrPwtl7B"}},{"__type__":"0f2f14155RMybcmLoqSi2hq","node":{"__id__":3},"BulletPointNode":{"__id__":4},"speedX":3,"Freq":1.2},{"__type__":"cc.Animation","node":{"__id__":3},"_defaultClip":{"__uuid__":"82TsqxwhhPQYnKh6hDjj8O"},"_clips":[{"__uuid__":"e6UkrIHfRINYV7elj3VUEs"},{"__uuid__":"82TsqxwhhPQYnKh6hDjj8O"}]},{"__type__":"cc.BoxCollider","node":{"__id__":3},"_size":{"__type__":"cc.Size","width":39,"height":48}},{"__type__":"cc.Widget","node":{"__id__":3},"_alignFlags":20,"_left":548.5,"_right":548.5,"_bottom":50,"_originalWidth":39}],"_prefab":{"__type__":"cc.PrefabInfo","root":{"__id__":3},"asset":{"__uuid__":"fdJUg5jNJPZZ3oPhK0Ur8g"},"fileId":"d1U01YuElKR5bXHNNpdIXd"},"_contentSize":{"__type__":"cc.Size","width":39,"height":48},"_position":{"__type__":"cc.Vec2","y":-246}},{"__type__":"cc.Node","_name":"bullet","_parent":{"__id__":3},"_prefab":{"__type__":"cc.PrefabInfo","root":{"__id__":3},"asset":{"__uuid__":"fdJUg5jNJPZZ3oPhK0Ur8g"},"fileId":"1arsNZWMJKXK+sqvRVvi+f"},"_position":{"__type__":"cc.Vec2","y":30}},{"__type__":"cc.Node","_name":"touchLayer","_parent":{"__id__":2},"_components":[{"__type__":"cc.Widget","node":{"__id__":5},"_alignFlags":45},{"__type__":"cc.Button","node":{"__id__":5},"_N$target":{"__id__":5}}],"_contentSize":{"__type__":"cc.Size","width":1136,"height":640}},{"__type__":"cc.Node","_name":"startPoint","_parent":{"__id__":2},"_components":[{"__type__":"cc.Widget","node":{"__id__":6},"_alignFlags":17,"_top":60,"_horizontalCenter":-220}],"_position":{"__type__":"cc.Vec2","x":-220,"y":260}},{"__type__":"cc.Node","_name":"Score","_parent":{"__id__":2},"_children":[{"__id__":8},{"__id__":9}],"_components":[{"__type__":"cc.Widget","node":{"__id__":7},"_alignFlags":9,"_left":30,"_top":30}],"_prefab":{"__type__":"cc.PrefabInfo","root":{"__id__":7},"asset":{"__uuid__":"3eNt9twCJM7bmm0AzNo//j"},"fileId":"d8G0iqVEJPcZQmfOXN1FYQ"},"_position":{"__type__":"cc.Vec2","x":-538,"y":290}},{"__type__":"cc.Node","_name":"title","_parent":{"__id__":7},"_components":[{"__type__":"cc.Label","node":{"__id__":8},"_useOriginalSize":false,"_actualFontSize":24,"_fontSize":24,"_N$string":"分数:","_N$horizontalAlign":1,"_N$verticalAlign":1}],"_prefab":{"__type__":"cc.PrefabInfo","root":{"__id__":7},"asset":{"__uuid__":"3eNt9twCJM7bmm0AzNo//j"},"fileId":"16lFXi0b5EhIqYG4deIE6z"},"_anchorPoint":{"__type__":"cc.Vec2","y":0.5},"_contentSize":{"__type__":"cc.Size","width":55,"height":40}},{"__type__":"cc.Node","_name":"number","_parent":{"__id__":7},"_components":[{"__id__":10}],"_prefab":{"__type__":"cc.PrefabInfo","root":{"__id__":7},"asset":{"__uuid__":"3eNt9twCJM7bmm0AzNo//j"},"fileId":"95hXsY3gxH96KfT6NSiI8v"},"_anchorPoint":{"__type__":"cc.Vec2","y":0.5},"_contentSize":{"__type__":"cc.Size","width":13,"height":40},"_position":{"__type__":"cc.Vec2","x":60}},{"__type__":"cc.Label","node":{"__id__":9},"_useOriginalSize":false,"_actualFontSize":24,"_fontSize":24,"_N$string":"0","_N$horizontalAlign":1,"_N$verticalAlign":1},{"__type__":"cc.Node","_name":"Level","_parent":{"__id__":2},"_children":[{"__id__":12},{"__id__":13}],"_components":[{"__type__":"cc.Widget","node":{"__id__":11},"_alignFlags":9,"_left":180,"_top":30}],"_prefab":{"__type__":"cc.PrefabInfo","root":{"__id__":11},"asset":{"__uuid__":"3eNt9twCJM7bmm0AzNo//j"},"fileId":"d8G0iqVEJPcZQmfOXN1FYQ"},"_position":{"__type__":"cc.Vec2","x":-388,"y":290}},{"__type__":"cc.Node","_name":"title","_parent":{"__id__":11},"_components":[{"__type__":"cc.Label","node":{"__id__":12},"_useOriginalSize":false,"_actualFontSize":24,"_fontSize":24,"_N$string":"等级:","_N$horizontalAlign":1,"_N$verticalAlign":1}],"_prefab":{"__type__":"cc.PrefabInfo","root":{"__id__":11},"asset":{"__uuid__":"3eNt9twCJM7bmm0AzNo//j"},"fileId":"16lFXi0b5EhIqYG4deIE6z"},"_anchorPoint":{"__type__":"cc.Vec2","y":0.5},"_contentSize":{"__type__":"cc.Size","width":55,"height":40}},{"__type__":"cc.Node","_name":"number","_parent":{"__id__":11},"_components":[{"__id__":14}],"_prefab":{"__type__":"cc.PrefabInfo","root":{"__id__":11},"asset":{"__uuid__":"3eNt9twCJM7bmm0AzNo//j"},"fileId":"95hXsY3gxH96KfT6NSiI8v"},"_anchorPoint":{"__type__":"cc.Vec2","y":0.5},"_contentSize":{"__type__":"cc.Size","width":13,"height":40},"_position":{"__type__":"cc.Vec2","x":60}},{"__type__":"cc.Label","node":{"__id__":13},"_useOriginalSize":false,"_actualFontSize":24,"_fontSize":24,"_N$string":"0","_N$horizontalAlign":1,"_N$verticalAlign":1},{"__type__":"cc.Node","_name":"Life","_parent":{"__id__":2},"_children":[{"__id__":16},{"__id__":17}],"_components":[{"__type__":"cc.Widget","node":{"__id__":15},"_alignFlags":9,"_left":320,"_top":30}],"_prefab":{"__type__":"cc.PrefabInfo","root":{"__id__":15},"asset":{"__uuid__":"3eNt9twCJM7bmm0AzNo//j"},"fileId":"d8G0iqVEJPcZQmfOXN1FYQ"},"_position":{"__type__":"cc.Vec2","x":-248,"y":290}},{"__type__":"cc.Node","_name":"title","_parent":{"__id__":15},"_components":[{"__type__":"cc.Label","node":{"__id__":16},"_useOriginalSize":false,"_actualFontSize":24,"_fontSize":24,"_N$string":"生命:","_N$horizontalAlign":1,"_N$verticalAlign":1}],"_prefab":{"__type__":"cc.PrefabInfo","root":{"__id__":15},"asset":{"__uuid__":"3eNt9twCJM7bmm0AzNo//j"},"fileId":"16lFXi0b5EhIqYG4deIE6z"},"_anchorPoint":{"__type__":"cc.Vec2","y":0.5},"_contentSize":{"__type__":"cc.Size","width":55,"height":40}},{"__type__":"cc.Node","_name":"number","_parent":{"__id__":15},"_components":[{"__id__":18}],"_prefab":{"__type__":"cc.PrefabInfo","root":{"__id__":15},"asset":{"__uuid__":"3eNt9twCJM7bmm0AzNo//j"},"fileId":"95hXsY3gxH96KfT6NSiI8v"},"_anchorPoint":{"__type__":"cc.Vec2","y":0.5},"_contentSize":{"__type__":"cc.Size","width":13,"height":40},"_position":{"__type__":"cc.Vec2","x":60}},{"__type__":"cc.Label","node":{"__id__":17},"_useOriginalSize":false,"_actualFontSize":24,"_fontSize":24,"_N$string":"0","_N$horizontalAlign":1,"_N$verticalAlign":1},{"__type__":"cc.Node","_name":"B1","_parent":{"__id__":2},"_children":[{"__id__":20}],"_components":[{"__type__":"cc.Sprite","node":{"__id__":19},"_spriteFrame":{"__uuid__":"6c9nNfRwlM96POrAslGmuk"}},{"__type__":"cc.Widget","node":{"__id__":19},"_alignFlags":33,"_right":80,"_top":150}],"_prefab":{"__type__":"cc.PrefabInfo","root":{"__id__":19},"asset":{"__uuid__":"8f3SFAduRDa76fFugKBICL"},"fileId":"69+oUVFBFOW55EoCvBYqZc"},"_contentSize":{"__type__":"cc.Size","width":33,"height":24},"_position":{"__type__":"cc.Vec2","x":471.5,"y":158}},{"__type__":"cc.Node","_name":"New Label","_parent":{"__id__":19},"_components":[{"__id__":21}],"_prefab":{"__type__":"cc.PrefabInfo","root":{"__id__":19},"asset":{"__uuid__":"8f3SFAduRDa76fFugKBICL"},"fileId":"f5EdVF9kBMxo+z8ZZKcxVa"},"_anchorPoint":{"__type__":"cc.Vec2","y":0.5},"_contentSize":{"__type__":"cc.Size","width":66,"height":40},"_position":{"__type__":"cc.Vec2","x":26}},{"__type__":"cc.Label","node":{"__id__":20},"_useOriginalSize":false,"_actualFontSize":20,"_fontSize":20,"_N$string":"x 24/30","_N$horizontalAlign":1,"_N$verticalAlign":1},{"__type__":"cc.Node","_name":"B2","_parent":{"__id__":2},"_children":[{"__id__":23}],"_components":[{"__type__":"cc.Sprite","node":{"__id__":22},"_spriteFrame":{"__uuid__":"ec2/B4ZYtNb6O7X3P3tkDr"}},{"__type__":"cc.Widget","node":{"__id__":22},"_alignFlags":33,"_right":80,"_top":110}],"_prefab":{"__type__":"cc.PrefabInfo","root":{"__id__":22},"asset":{"__uuid__":"8f3SFAduRDa76fFugKBICL"},"fileId":"69+oUVFBFOW55EoCvBYqZc"},"_contentSize":{"__type__":"cc.Size","width":33,"height":24},"_position":{"__type__":"cc.Vec2","x":471.5,"y":198}},{"__type__":"cc.Node","_name":"New Label","_parent":{"__id__":22},"_components":[{"__id__":24}],"_prefab":{"__type__":"cc.PrefabInfo","root":{"__id__":22},"asset":{"__uuid__":"8f3SFAduRDa76fFugKBICL"},"fileId":"f5EdVF9kBMxo+z8ZZKcxVa"},"_anchorPoint":{"__type__":"cc.Vec2","y":0.5},"_contentSize":{"__type__":"cc.Size","width":38,"height":40},"_position":{"__type__":"cc.Vec2","x":26}},{"__type__":"cc.Label","node":{"__id__":23},"_useOriginalSize":false,"_actualFontSize":20,"_fontSize":20,"_N$string":"x 24","_N$horizontalAlign":1,"_N$verticalAlign":1},{"__type__":"cc.Node","_name":"B3","_parent":{"__id__":2},"_children":[{"__id__":26}],"_components":[{"__type__":"cc.Sprite","node":{"__id__":25},"_spriteFrame":{"__uuid__":"fbPgd9LeRI5pNkR6LBTfVz"}},{"__type__":"cc.Widget","node":{"__id__":25},"_alignFlags":33,"_right":80,"_top":70}],"_prefab":{"__type__":"cc.PrefabInfo","root":{"__id__":25},"asset":{"__uuid__":"8f3SFAduRDa76fFugKBICL"},"fileId":"69+oUVFBFOW55EoCvBYqZc"},"_contentSize":{"__type__":"cc.Size","width":33,"height":24},"_position":{"__type__":"cc.Vec2","x":471.5,"y":238}},{"__type__":"cc.Node","_name":"New Label","_parent":{"__id__":25},"_components":[{"__id__":27}],"_prefab":{"__type__":"cc.PrefabInfo","root":{"__id__":25},"asset":{"__uuid__":"8f3SFAduRDa76fFugKBICL"},"fileId":"f5EdVF9kBMxo+z8ZZKcxVa"},"_anchorPoint":{"__type__":"cc.Vec2","y":0.5},"_contentSize":{"__type__":"cc.Size","width":38,"height":40},"_position":{"__type__":"cc.Vec2","x":26}},{"__type__":"cc.Label","node":{"__id__":26},"_useOriginalSize":false,"_actualFontSize":20,"_fontSize":20,"_N$string":"x 24","_N$horizontalAlign":1,"_N$verticalAlign":1},{"__type__":"cc.Node","_name":"B4","_parent":{"__id__":2},"_children":[{"__id__":29}],"_components":[{"__type__":"cc.Sprite","node":{"__id__":28},"_spriteFrame":{"__uuid__":"bcfCVBGHxJF7rAsF8KSpYs"}},{"__type__":"cc.Widget","node":{"__id__":28},"_alignFlags":33,"_right":80,"_top":25.5}],"_contentSize":{"__type__":"cc.Size","width":33,"height":33},"_position":{"__type__":"cc.Vec2","x":471.5,"y":278}},{"__type__":"cc.Node","_name":"New Label","_parent":{"__id__":28},"_components":[{"__id__":30}],"_anchorPoint":{"__type__":"cc.Vec2","y":0.5},"_contentSize":{"__type__":"cc.Size","width":38,"height":40},"_position":{"__type__":"cc.Vec2","x":26}},{"__type__":"cc.Label","node":{"__id__":29},"_useOriginalSize":false,"_actualFontSize":20,"_fontSize":20,"_N$string":"x 24","_N$horizontalAlign":1,"_N$verticalAlign":1},{"__type__":"cc.Node","_name":"button","_parent":{"__id__":2},"_children":[{"__id__":32}],"_components":[{"__type__":"cc.Sprite","node":{"__id__":31},"_spriteFrame":{"__uuid__":"f0BIwQ8D5Ml7nTNQbh1YlS"},"_type":1,"_sizeMode":0},{"__type__":"cc.Button","node":{"__id__":31},"transition":2,"pressedColor":{"__type__":"cc.Color","r":255,"g":255,"b":255},"_N$normalColor":{"__type__":"cc.Color","r":255,"g":255,"b":255},"_N$disabledColor":{"__type__":"cc.Color","r":255,"g":255,"b":255},"_N$normalSprite":{"__uuid__":"f0BIwQ8D5Ml7nTNQbh1YlS"},"_N$pressedSprite":{"__uuid__":"e97GVMl6JHh5Ml5qEDdSGa"},"pressedSprite":{"__uuid__":"e97GVMl6JHh5Ml5qEDdSGa"},"_N$hoverSprite":{"__uuid__":"e97GVMl6JHh5Ml5qEDdSGa"},"hoverSprite":{"__uuid__":"e97GVMl6JHh5Ml5qEDdSGa"},"_N$disabledSprite":{"__uuid__":"29FYIk+N1GYaeWH/q1NxQO"},"_N$target":{"__id__":31}},{"__type__":"cc.Widget","node":{"__id__":31},"_alignFlags":12,"_left":50,"_bottom":50},{"__type__":"ee3904Q+yxAMZBwdDp1sXb0","node":{"__id__":31}}],"_contentSize":{"__type__":"cc.Size","width":50,"height":50},"_position":{"__type__":"cc.Vec2","x":-493,"y":-245}},{"__type__":"cc.Node","_name":"Label","_parent":{"__id__":31},"_components":[{"__type__":"cc.Label","node":{"__id__":32},"_useOriginalSize":false,"_actualFontSize":20,"_fontSize":20,"_enableWrapText":false,"_N$string":"左","_N$horizontalAlign":1,"_N$verticalAlign":1,"_N$overflow":1}],"_color":{"__type__":"cc.Color"},"_contentSize":{"__type__":"cc.Size","width":100,"height":40}},{"__type__":"cc.Node","_name":"button","_parent":{"__id__":2},"_children":[{"__id__":34}],"_components":[{"__type__":"cc.Sprite","node":{"__id__":33},"_spriteFrame":{"__uuid__":"f0BIwQ8D5Ml7nTNQbh1YlS"},"_type":1,"_sizeMode":0},{"__type__":"cc.Button","node":{"__id__":33},"transition":2,"pressedColor":{"__type__":"cc.Color","r":255,"g":255,"b":255},"_N$normalColor":{"__type__":"cc.Color","r":255,"g":255,"b":255},"_N$disabledColor":{"__type__":"cc.Color","r":255,"g":255,"b":255},"_N$normalSprite":{"__uuid__":"f0BIwQ8D5Ml7nTNQbh1YlS"},"_N$pressedSprite":{"__uuid__":"e97GVMl6JHh5Ml5qEDdSGa"},"pressedSprite":{"__uuid__":"e97GVMl6JHh5Ml5qEDdSGa"},"_N$hoverSprite":{"__uuid__":"e97GVMl6JHh5Ml5qEDdSGa"},"hoverSprite":{"__uuid__":"e97GVMl6JHh5Ml5qEDdSGa"},"_N$disabledSprite":{"__uuid__":"29FYIk+N1GYaeWH/q1NxQO"},"_N$target":{"__id__":33}},{"__type__":"cc.Widget","node":{"__id__":33},"_alignFlags":12,"_left":200,"_bottom":50},{"__type__":"ee3904Q+yxAMZBwdDp1sXb0","node":{"__id__":33}}],"_contentSize":{"__type__":"cc.Size","width":50,"height":50},"_position":{"__type__":"cc.Vec2","x":-343,"y":-245}},{"__type__":"cc.Node","_name":"Label","_parent":{"__id__":33},"_components":[{"__type__":"cc.Label","node":{"__id__":34},"_useOriginalSize":false,"_actualFontSize":20,"_fontSize":20,"_enableWrapText":false,"_N$string":"右","_N$horizontalAlign":1,"_N$verticalAlign":1,"_N$overflow":1}],"_color":{"__type__":"cc.Color"},"_contentSize":{"__type__":"cc.Size","width":100,"height":40}},{"__type__":"cc.Node","_name":"button","_parent":{"__id__":2},"_children":[{"__id__":36}],"_components":[{"__type__":"cc.Sprite","node":{"__id__":35},"_spriteFrame":{"__uuid__":"f0BIwQ8D5Ml7nTNQbh1YlS"},"_type":1,"_sizeMode":0},{"__type__":"cc.Button","node":{"__id__":35},"transition":2,"pressedColor":{"__type__":"cc.Color","r":255,"g":255,"b":255},"_N$normalColor":{"__type__":"cc.Color","r":255,"g":255,"b":255},"_N$disabledColor":{"__type__":"cc.Color","r":255,"g":255,"b":255},"_N$normalSprite":{"__uuid__":"f0BIwQ8D5Ml7nTNQbh1YlS"},"_N$pressedSprite":{"__uuid__":"e97GVMl6JHh5Ml5qEDdSGa"},"pressedSprite":{"__uuid__":"e97GVMl6JHh5Ml5qEDdSGa"},"_N$hoverSprite":{"__uuid__":"e97GVMl6JHh5Ml5qEDdSGa"},"hoverSprite":{"__uuid__":"e97GVMl6JHh5Ml5qEDdSGa"},"_N$disabledSprite":{"__uuid__":"29FYIk+N1GYaeWH/q1NxQO"},"_N$target":{"__id__":35}},{"__type__":"cc.Widget","node":{"__id__":35},"_alignFlags":36,"_left":905,"_right":50,"_bottom":50,"_originalWidth":50},{"__type__":"ee3904Q+yxAMZBwdDp1sXb0","node":{"__id__":35},"interval":1,"isRepeat":true}],"_contentSize":{"__type__":"cc.Size","width":50,"height":50},"_position":{"__type__":"cc.Vec2","x":493,"y":-245}},{"__type__":"cc.Node","_name":"Label","_parent":{"__id__":35},"_components":[{"__type__":"cc.Label","node":{"__id__":36},"_useOriginalSize":false,"_actualFontSize":20,"_fontSize":20,"_enableWrapText":false,"_N$string":"攻击","_N$horizontalAlign":1,"_N$verticalAlign":1,"_N$overflow":1}],"_color":{"__type__":"cc.Color"},"_contentSize":{"__type__":"cc.Size","width":100,"height":40}},{"__type__":"cc.Node","_name":"GameOver","_parent":{"__id__":2},"_children":[{"__id__":38},{"__id__":39}],"_components":[{"__type__":"cc.Sprite","node":{"__id__":37}},{"__type__":"cc.Widget","node":{"__id__":37},"_alignFlags":45},{"__type__":"32207MlUQ9BEIqgYl2hc/lZ","node":{"__id__":37}}],"_contentSize":{"__type__":"cc.Size","width":1136,"height":640}},{"__type__":"cc.Node","_name":"sprite_splash","_parent":{"__id__":37},"_components":[{"__type__":"cc.Sprite","node":{"__id__":38},"_spriteFrame":{"__uuid__":"a2MjXRFdtLlYQ5ouAFv/+R"},"_sizeMode":0},{"__type__":"cc.Widget","node":{"__id__":38},"_alignFlags":45,"_originalWidth":100,"_originalHeight":100}],"_opacity":120,"_color":{"__type__":"cc.Color"},"_contentSize":{"__type__":"cc.Size","width":1136,"height":640}},{"__type__":"cc.Node","_name":"bg1","_parent":{"__id__":37},"_children":[{"__id__":40},{"__id__":42},{"__id__":44}],"_components":[{"__type__":"cc.Sprite","node":{"__id__":39},"_spriteFrame":{"__uuid__":"f0BIwQ8D5Ml7nTNQbh1YlS"},"_type":1,"_sizeMode":0},{"__type__":"cc.Widget","node":{"__id__":39},"_alignFlags":18,"_verticalCenter":30}],"_contentSize":{"__type__":"cc.Size","width":400,"height":300},"_position":{"__type__":"cc.Vec2","y":30}},{"__type__":"cc.Node","_name":"button","_parent":{"__id__":39},"_children":[{"__id__":41}],"_components":[{"__type__":"cc.Sprite","node":{"__id__":40},"_spriteFrame":{"__uuid__":"f0BIwQ8D5Ml7nTNQbh1YlS"},"_type":1,"_sizeMode":0},{"__type__":"cc.Button","node":{"__id__":40},"transition":2,"pressedColor":{"__type__":"cc.Color","r":255,"g":255,"b":255},"clickEvents":[{"__type__":"cc.ClickEvent","target":{"__id__":37},"component":"GameOver","handler":"onRestarClick"}],"_N$normalColor":{"__type__":"cc.Color","r":255,"g":255,"b":255},"_N$disabledColor":{"__type__":"cc.Color","r":255,"g":255,"b":255},"_N$normalSprite":{"__uuid__":"f0BIwQ8D5Ml7nTNQbh1YlS"},"_N$pressedSprite":{"__uuid__":"e97GVMl6JHh5Ml5qEDdSGa"},"pressedSprite":{"__uuid__":"e97GVMl6JHh5Ml5qEDdSGa"},"_N$hoverSprite":{"__uuid__":"e97GVMl6JHh5Ml5qEDdSGa"},"hoverSprite":{"__uuid__":"e97GVMl6JHh5Ml5qEDdSGa"},"_N$disabledSprite":{"__uuid__":"29FYIk+N1GYaeWH/q1NxQO"},"_N$target":{"__id__":40}}],"_color":{"__type__":"cc.Color","r":146,"g":30,"b":30},"_contentSize":{"__type__":"cc.Size","width":100,"height":40},"_position":{"__type__":"cc.Vec2","x":-74,"y":-107}},{"__type__":"cc.Node","_name":"Label","_parent":{"__id__":40},"_components":[{"__type__":"cc.Label","node":{"__id__":41},"_useOriginalSize":false,"_actualFontSize":20,"_fontSize":20,"_enableWrapText":false,"_N$string":"重新开始","_N$horizontalAlign":1,"_N$verticalAlign":1,"_N$overflow":1}],"_color":{"__type__":"cc.Color"},"_contentSize":{"__type__":"cc.Size","width":100,"height":40}},{"__type__":"cc.Node","_name":"button","_parent":{"__id__":39},"_children":[{"__id__":43}],"_components":[{"__type__":"cc.Sprite","node":{"__id__":42},"_spriteFrame":{"__uuid__":"f0BIwQ8D5Ml7nTNQbh1YlS"},"_type":1,"_sizeMode":0},{"__type__":"cc.Button","node":{"__id__":42},"transition":2,"pressedColor":{"__type__":"cc.Color","r":255,"g":255,"b":255},"clickEvents":[{"__type__":"cc.ClickEvent","target":{"__id__":37},"component":"GameOver","handler":"onReliveClick"}],"_N$normalColor":{"__type__":"cc.Color","r":255,"g":255,"b":255},"_N$disabledColor":{"__type__":"cc.Color","r":255,"g":255,"b":255},"_N$normalSprite":{"__uuid__":"f0BIwQ8D5Ml7nTNQbh1YlS"},"_N$pressedSprite":{"__uuid__":"e97GVMl6JHh5Ml5qEDdSGa"},"pressedSprite":{"__uuid__":"e97GVMl6JHh5Ml5qEDdSGa"},"_N$hoverSprite":{"__uuid__":"e97GVMl6JHh5Ml5qEDdSGa"},"hoverSprite":{"__uuid__":"e97GVMl6JHh5Ml5qEDdSGa"},"_N$disabledSprite":{"__uuid__":"29FYIk+N1GYaeWH/q1NxQO"},"_N$target":{"__id__":42}}],"_color":{"__type__":"cc.Color","r":201,"g":112,"b":112},"_contentSize":{"__type__":"cc.Size","width":100,"height":40},"_position":{"__type__":"cc.Vec2","x":87,"y":-107}},{"__type__":"cc.Node","_name":"Label","_parent":{"__id__":42},"_components":[{"__type__":"cc.Label","node":{"__id__":43},"_useOriginalSize":false,"_actualFontSize":20,"_fontSize":20,"_enableWrapText":false,"_N$string":"复活","_N$horizontalAlign":1,"_N$verticalAlign":1,"_N$overflow":1}],"_color":{"__type__":"cc.Color"},"_contentSize":{"__type__":"cc.Size","width":100,"height":40}},{"__type__":"cc.Node","_name":"label","_parent":{"__id__":39},"_components":[{"__type__":"cc.Label","node":{"__id__":44},"_useOriginalSize":false,"_N$string":"是否继续游戏","_N$horizontalAlign":1,"_N$verticalAlign":1}],"_color":{"__type__":"cc.Color","r":8},"_contentSize":{"__type__":"cc.Size","width":240,"height":40},"_position":{"__type__":"cc.Vec2","x":-3,"y":28}},{"__type__":"cc.Node","_name":"GameWin","_parent":{"__id__":2},"_children":[{"__id__":46},{"__id__":47}],"_components":[{"__type__":"cc.Sprite","node":{"__id__":45}},{"__type__":"cc.Widget","node":{"__id__":45},"_alignFlags":45},{"__type__":"ea6d5zTcQlHt5r6GJ3jxpQj","node":{"__id__":45}}],"_contentSize":{"__type__":"cc.Size","width":1136,"height":640}},{"__type__":"cc.Node","_name":"sprite_splash","_parent":{"__id__":45},"_components":[{"__type__":"cc.Sprite","node":{"__id__":46},"_spriteFrame":{"__uuid__":"a2MjXRFdtLlYQ5ouAFv/+R"},"_sizeMode":0},{"__type__":"cc.Widget","node":{"__id__":46},"_alignFlags":45,"_originalWidth":100,"_originalHeight":100}],"_opacity":120,"_color":{"__type__":"cc.Color"},"_contentSize":{"__type__":"cc.Size","width":1136,"height":640}},{"__type__":"cc.Node","_name":"bg1","_parent":{"__id__":45},"_children":[{"__id__":48},{"__id__":49}],"_components":[{"__type__":"cc.Sprite","node":{"__id__":47},"_spriteFrame":{"__uuid__":"f0BIwQ8D5Ml7nTNQbh1YlS"},"_type":1,"_sizeMode":0},{"__type__":"cc.Widget","node":{"__id__":47},"_alignFlags":18,"_verticalCenter":30}],"_contentSize":{"__type__":"cc.Size","width":400,"height":300},"_position":{"__type__":"cc.Vec2","y":30}},{"__type__":"cc.Node","_name":"label","_parent":{"__id__":47},"_components":[{"__type__":"cc.Label","node":{"__id__":48},"_useOriginalSize":false,"_N$string":"恭喜进入下一关","_N$horizontalAlign":1,"_N$verticalAlign":1}],"_color":{"__type__":"cc.Color","r":8},"_contentSize":{"__type__":"cc.Size","width":280,"height":40},"_position":{"__type__":"cc.Vec2","x":-3,"y":28}},{"__type__":"cc.Node","_name":"button","_parent":{"__id__":47},"_children":[{"__id__":50}],"_components":[{"__type__":"cc.Sprite","node":{"__id__":49},"_spriteFrame":{"__uuid__":"f0BIwQ8D5Ml7nTNQbh1YlS"},"_type":1,"_sizeMode":0},{"__type__":"cc.Button","node":{"__id__":49},"transition":2,"pressedColor":{"__type__":"cc.Color","r":255,"g":255,"b":255},"clickEvents":[{"__type__":"cc.ClickEvent","target":{"__id__":45},"component":"GameWin","handler":"onOKClick"}],"_N$normalColor":{"__type__":"cc.Color","r":255,"g":255,"b":255},"_N$disabledColor":{"__type__":"cc.Color","r":255,"g":255,"b":255},"_N$normalSprite":{"__uuid__":"f0BIwQ8D5Ml7nTNQbh1YlS"},"_N$pressedSprite":{"__uuid__":"e97GVMl6JHh5Ml5qEDdSGa"},"pressedSprite":{"__uuid__":"e97GVMl6JHh5Ml5qEDdSGa"},"_N$hoverSprite":{"__uuid__":"e97GVMl6JHh5Ml5qEDdSGa"},"hoverSprite":{"__uuid__":"e97GVMl6JHh5Ml5qEDdSGa"},"_N$disabledSprite":{"__uuid__":"29FYIk+N1GYaeWH/q1NxQO"},"_N$target":{"__id__":49}}],"_color":{"__type__":"cc.Color","r":201,"g":112,"b":112},"_contentSize":{"__type__":"cc.Size","width":100,"height":40},"_position":{"__type__":"cc.Vec2","x":11,"y":-107}},{"__type__":"cc.Node","_name":"Label","_parent":{"__id__":49},"_components":[{"__type__":"cc.Label","node":{"__id__":50},"_useOriginalSize":false,"_actualFontSize":20,"_fontSize":20,"_enableWrapText":false,"_N$string":"确定","_N$horizontalAlign":1,"_N$verticalAlign":1,"_N$overflow":1}],"_color":{"__type__":"cc.Color"},"_contentSize":{"__type__":"cc.Size","width":100,"height":40}}],{"__type__":"cc.SpriteFrame","content":{"name":"default_btn_normal","texture":"e8Ueib+qJEhL6mXAHdnwbi","rect":[0,0,40,40],"offset":[0,0],"originalSize":[40,40],"capInsets":[8,11,7,9]}},{"__type__":"cc.AnimationClip","_name":"B1","_duration":0.6666666666666666,"sample":15,"wrapMode":"2","curveData":{"comps":{"cc.Sprite":{"spriteFrame":[{"frame":0,"value":{"__uuid__":"6c9nNfRwlM96POrAslGmuk"}},{"frame":0.2,"value":{"__uuid__":"89wq/PkAJPfqMrTBBAmVAN"}},{"frame":0.4,"value":{"__uuid__":"0de5dhteZIz5GuLmO6ZY5b"}},{"frame":0.6,"value":{"__uuid__":"6c9nNfRwlM96POrAslGmuk"}}]}}}},{"__type__":"cc.SpriteFrame","content":{"name":"b03","texture":"6eSZXHnjZKbqGSQxPYgdPl","rect":[185,99,33,22],"offset":[0,0],"originalSize":[33,24]}},[{"__type__":"cc.Prefab","_name":"Bullet","data":{"__id__":1},"asyncLoadAssets":null},{"__type__":"cc.Node","_name":"Bullet","_components":[{"__type__":"cc.Sprite","node":{"__id__":1},"_spriteFrame":{"__uuid__":"3b9nyQzplPgKV6EswblQSk"}},{"__type__":"7bbbdiGfkhDQqkX5wFQ7ixV","node":{"__id__":1},"bullet1":{"__uuid__":"3b9nyQzplPgKV6EswblQSk"},"bullet2":{"__uuid__":"22bmJKwwFEQJ+86JS8yvFN"}},{"__type__":"cc.BoxCollider","node":{"__id__":1},"_size":{"__type__":"cc.Size","width":3,"height":12}}],"_prefab":{"__type__":"cc.PrefabInfo","root":{"__id__":1},"asset":{"__id__":0},"fileId":"0acjKVT61Kb5Psi7fTAvDP"},"_contentSize":{"__type__":"cc.Size","width":3,"height":12},"_position":{"__type__":"cc.Vec2","x":289,"y":737}}],{"__type__":"cc.SpriteFrame","content":{"name":"c01","texture":"6eSZXHnjZKbqGSQxPYgdPl","rect":[136,152,33,24],"offset":[0,0],"originalSize":[33,24]}},[{"__type__":"cc.Prefab","_name":"Player","data":{"__id__":1},"asyncLoadAssets":null},{"__type__":"cc.Node","_name":"Player","_children":[{"__type__":"cc.Node","_name":"bullet","_parent":{"__id__":1},"_prefab":{"__type__":"cc.PrefabInfo","root":{"__id__":1},"asset":{"__id__":0},"fileId":"1arsNZWMJKXK+sqvRVvi+f"},"_position":{"__type__":"cc.Vec2","y":30}}],"_components":[{"__type__":"cc.Sprite","node":{"__id__":1},"_spriteFrame":{"__uuid__":"963ppDmrhElJztIrPwtl7B"}},{"__type__":"cc.RigidBody","node":{"__id__":1}},{"__type__":"cc.PhysicsBoxCollider","node":{"__id__":1},"_size":{"__type__":"cc.Size","width":39,"height":48}},{"__type__":"0f2f14155RMybcmLoqSi2hq","node":{"__id__":1}},{"__type__":"cc.Animation","node":{"__id__":1},"_clips":[{"__uuid__":"e6UkrIHfRINYV7elj3VUEs"}],"playOnLoad":true}],"_prefab":{"__type__":"cc.PrefabInfo","root":{"__id__":1},"asset":{"__id__":0},"fileId":"d1U01YuElKR5bXHNNpdIXd"},"_contentSize":{"__type__":"cc.Size","width":39,"height":48},"_position":{"__type__":"cc.Vec2","x":340,"y":685}}]]