{
	"description": "项目配置文件。",
	"miniprogramRoot": "./",
	"setting": {
		"urlCheck": true,
		"es6": false,
		"postcss": true,
		"minified": true,
		"newFeature": false
	},
	"compileType": "game",
	"libVersion": "game",
	"appid": "wx6ac3f5090a6b99c5",
	"projectname": "%E5%B0%8F%E8%9C%9C%E8%9C%822",
	"condition": {
		"search": {
			"current": -1,
			"list": []
		},
		"conversation": {
			"current": -1,
			"list": []
		},
		"game": {
			"currentL": -1,
			"list": [],
			"current": -1
		},
		"miniprogram": {
			"current": -1,
			"list": []
		}
	}
}