[{"__type__":"cc.SpriteFrame","content":{"name":"notes","texture":"74ThSi2plJRbfTog1/6vNi","rect":[20,17,221,232],"offset":[2.5,-5],"originalSize":[256,256]}},[{"__type__":"cc.SceneAsset","_name":"DefaultScene","scene":{"__id__":1},"asyncLoadAssets":null},{"__type__":"cc.Scene","_name":"New Node","_children":[{"__id__":2}],"_anchorPoint":{"__type__":"cc.Vec2"},"autoReleaseAssets":false},{"__type__":"cc.Node","_name":"Canvas","_parent":{"__id__":1},"_children":[{"__id__":3},{"__id__":4}],"_components":[{"__type__":"cc.Canvas","node":{"__id__":2},"_designResolution":{"__type__":"cc.Size","width":1136,"height":640}},{"__type__":"de48fYuk2FEMaUfqa34e3d0","node":{"__id__":2},"delay":0.5}],"_id":"d7hi4NtsRHHoKcPjo/KwT+","_contentSize":{"__type__":"cc.Size","width":1136,"height":640},"_position":{"__type__":"cc.Vec2","x":568,"y":320}},{"__type__":"cc.Node","_name":"notes","_parent":{"__id__":2},"_components":[{"__type__":"cc.Sprite","node":{"__id__":3},"_spriteFrame":{"__uuid__":"faGUwGW5xFv7heqy/8tQGM"}},{"__type__":"cc.Widget","node":{"__id__":3},"_alignFlags":18,"_verticalCenter":50}],"_contentSize":{"__type__":"cc.Size","width":221,"height":232},"_position":{"__type__":"cc.Vec2","y":50}},{"__type__":"cc.Node","_name":"New Label","_parent":{"__id__":2},"_components":[{"__type__":"cc.Label","node":{"__id__":4},"_useOriginalSize":false,"_N$string":"正义游戏 绝对精品","_N$horizontalAlign":1,"_N$verticalAlign":1,"_N$fontFamily":"Consoles"},{"__type__":"cc.Widget","node":{"__id__":4},"_alignFlags":20,"_bottom":50}],"_contentSize":{"__type__":"cc.Size","width":330,"height":40},"_position":{"__type__":"cc.Vec2","y":-250}}]]